{"1": [{"task": "delectus aut autem", "completed": false, "username": "Bret"}, {"task": "quis ut nam facilis et officia qui", "completed": false, "username": "Bret"}, {"task": "fugiat veniam minus", "completed": false, "username": "Bret"}, {"task": "et porro tempora", "completed": true, "username": "Bret"}, {"task": "laboriosam mollitia et enim quasi adipisci quia provident illum", "completed": false, "username": "Bret"}, {"task": "qui ullam ratione quibusdam voluptatem quia omnis", "completed": false, "username": "Bret"}, {"task": "illo expedita consequatur quia in", "completed": false, "username": "Bret"}, {"task": "quo adipisci enim quam ut ab", "completed": true, "username": "Bret"}, {"task": "molestiae perspiciatis ipsa", "completed": false, "username": "Bret"}, {"task": "illo est ratione doloremque quia maiores aut", "completed": true, "username": "Bret"}, {"task": "vero rerum temporibus dolor", "completed": true, "username": "Bret"}, {"task": "ipsa repellendus fugit nisi", "completed": true, "username": "Bret"}, {"task": "et doloremque nulla", "completed": false, "username": "Bret"}, {"task": "repellendus sunt dolores architecto voluptatum", "completed": true, "username": "Bret"}, {"task": "ab voluptatum amet voluptas", "completed": true, "username": "Bret"}, {"task": "accusamus eos facilis sint et aut voluptatem", "completed": true, "username": "Bret"}, {"task": "quo laboriosam deleniti aut qui", "completed": true, "username": "Bret"}, {"task": "dolorum est consequatur ea mollitia in culpa", "completed": false, "username": "Bret"}, {"task": "molestiae ipsa aut voluptatibus pariatur dolor nihil", "completed": true, "username": "Bret"}, {"task": "ullam nobis libero sapiente ad optio sint", "completed": true, "username": "Bret"}], "2": [{"task": "suscipit repellat esse quibusdam voluptatem incidunt", "completed": false, "username": "Antonette"}, {"task": "distinctio vitae autem nihil ut molestias quo", "completed": true, "username": "Antonette"}, {"task": "et itaque necessitatibus maxime molestiae qui quas velit", "completed": false, "username": "Antonette"}, {"task": "adipisci non ad dicta qui amet quaerat doloribus ea", "completed": false, "username": "Antonette"}, {"task": "voluptas quo tenetur perspiciatis explicabo natus", "completed": true, "username": "Antonette"}, {"task": "aliquam aut quasi", "completed": true, "username": "Antonette"}, {"task": "veritatis pariatur delectus", "completed": true, "username": "Antonette"}, {"task": "nesciunt totam sit blanditiis sit", "completed": false, "username": "Antonette"}, {"task": "laborum aut in quam", "completed": false, "username": "Antonette"}, {"task": "nemo perspiciatis repellat ut dolor libero commodi blanditiis omnis", "completed": true, "username": "Antonette"}, {"task": "repudiandae totam in est sint facere fuga", "completed": false, "username": "Antonette"}, {"task": "earum doloribus ea doloremque quis", "completed": false, "username": "Antonette"}, {"task": "sint sit aut vero", "completed": false, "username": "Antonette"}, {"task": "porro aut necessitatibus eaque distinctio", "completed": false, "username": "Antonette"}, {"task": "repellendus veritatis molestias dicta incidunt", "completed": true, "username": "Antonette"}, {"task": "excepturi deleniti adipisci voluptatem et neque optio illum ad", "completed": true, "username": "Antonette"}, {"task": "sunt cum tempora", "completed": false, "username": "Antonette"}, {"task": "totam quia non", "completed": false, "username": "Antonette"}, {"task": "doloremque quibusdam asperiores libero corrupti illum qui omnis", "completed": false, "username": "Antonette"}, {"task": "totam atque quo nesciunt", "completed": true, "username": "Antonette"}], "3": [{"task": "aliquid amet impedit consequatur aspernatur placeat eaque fugiat suscipit", "completed": false, "username": "Samantha"}, {"task": "rerum perferendis error quia ut eveniet", "completed": false, "username": "Samantha"}, {"task": "tempore ut sint quis recusandae", "completed": true, "username": "Samantha"}, {"task": "cum debitis quis accusamus doloremque ipsa natus sapiente omnis", "completed": true, "username": "Samantha"}, {"task": "velit soluta adipisci molestias reiciendis harum", "completed": false, "username": "Samantha"}, {"task": "vel voluptatem repellat nihil placeat corporis", "completed": false, "username": "Samantha"}, {"task": "nam qui rerum fugiat accusamus", "completed": false, "username": "Samantha"}, {"task": "sit reprehenderit omnis quia", "completed": false, "username": "Samantha"}, {"task": "ut necessitatibus aut maiores debitis officia blanditiis velit et", "completed": false, "username": "Samantha"}, {"task": "cupiditate necessitatibus ullam aut quis dolor voluptate", "completed": true, "username": "Samantha"}, {"task": "distinctio exercitationem ab doloribus", "completed": false, "username": "Samantha"}, {"task": "nesciunt dolorum quis recusandae ad pariatur ratione", "completed": false, "username": "Samantha"}, {"task": "qui labore est occaecati recusandae aliquid quam", "completed": false, "username": "Samantha"}, {"task": "quis et est ut voluptate quam dolor", "completed": true, "username": "Samantha"}, {"task": "voluptatum omnis minima qui occaecati provident nulla voluptatem ratione", "completed": true, "username": "Samantha"}, {"task": "deleniti ea temporibus enim", "completed": true, "username": "Samantha"}, {"task": "pariatur et magnam ea doloribus similique voluptatem rerum quia", "completed": false, "username": "Samantha"}, {"task": "est dicta totam qui explicabo doloribus qui dignissimos", "completed": false, "username": "Samantha"}, {"task": "perspiciatis velit id laborum placeat iusto et aliquam odio", "completed": false, "username": "Samantha"}, {"task": "et sequi qui architecto ut adipisci", "completed": true, "username": "Samantha"}], "4": [{"task": "odit optio omnis qui sunt", "completed": true, "username": "Karianne"}, {"task": "et placeat et tempore aspernatur sint numquam", "completed": false, "username": "Karianne"}, {"task": "doloremque aut dolores quidem fuga qui nulla", "completed": true, "username": "Karianne"}, {"task": "voluptas consequatur qui ut quia magnam nemo esse", "completed": false, "username": "Karianne"}, {"task": "fugiat pariatur ratione ut asperiores necessitatibus magni", "completed": false, "username": "Karianne"}, {"task": "rerum eum molestias autem voluptatum sit optio", "completed": false, "username": "Karianne"}, {"task": "quia voluptatibus voluptatem quos similique maiores repellat", "completed": false, "username": "Karianne"}, {"task": "aut id perspiciatis voluptatem iusto", "completed": false, "username": "Karianne"}, {"task": "doloribus sint dolorum ab adipisci itaque dignissimos aliquam suscipit", "completed": false, "username": "Karianne"}, {"task": "ut sequi accusantium et mollitia delectus sunt", "completed": false, "username": "Karianne"}, {"task": "aut velit saepe ullam", "completed": false, "username": "Karianne"}, {"task": "praesentium facilis facere quis harum voluptatibus voluptatem eum", "completed": false, "username": "Karianne"}, {"task": "sint amet quia totam corporis qui exercitationem commodi", "completed": true, "username": "Karianne"}, {"task": "expedita tempore nobis eveniet laborum maiores", "completed": false, "username": "Karianne"}, {"task": "occaecati adipisci est possimus totam", "completed": false, "username": "Karianne"}, {"task": "sequi dolorem sed", "completed": true, "username": "Karianne"}, {"task": "maiores aut nesciunt delectus exercitationem vel assumenda eligendi at", "completed": false, "username": "Karianne"}, {"task": "reiciendis est magnam amet nemo iste recusandae impedit quaerat", "completed": false, "username": "Karianne"}, {"task": "eum ipsa maxime ut", "completed": true, "username": "Karianne"}, {"task": "tempore molestias dolores rerum sequi voluptates ipsum consequatur", "completed": true, "username": "Karianne"}], "5": [{"task": "suscipit qui totam", "completed": true, "username": "Kamren"}, {"task": "voluptates eum voluptas et dicta", "completed": false, "username": "Kamren"}, {"task": "quidem at rerum quis ex aut sit quam", "completed": true, "username": "Kamren"}, {"task": "sunt veritatis ut voluptate", "completed": false, "username": "Kamren"}, {"task": "et quia ad iste a", "completed": true, "username": "Kamren"}, {"task": "incidunt ut saepe autem", "completed": true, "username": "Kamren"}, {"task": "laudantium quae eligendi consequatur quia et vero autem", "completed": true, "username": "Kamren"}, {"task": "vitae aut excepturi laboriosam sint aliquam et et accusantium", "completed": false, "username": "Kamren"}, {"task": "sequi ut omnis et", "completed": true, "username": "Kamren"}, {"task": "molestiae nisi accusantium tenetur dolorem et", "completed": true, "username": "Kamren"}, {"task": "nulla quis consequatur saepe qui id expedita", "completed": true, "username": "Kamren"}, {"task": "in omnis laboriosam", "completed": true, "username": "Kamren"}, {"task": "odio iure consequatur molestiae quibusdam necessitatibus quia sint", "completed": true, "username": "Kamren"}, {"task": "facilis modi saepe mollitia", "completed": false, "username": "Kamren"}, {"task": "vel nihil et molestiae iusto assumenda nemo quo ut", "completed": true, "username": "Kamren"}, {"task": "nobis suscipit ducimus enim asperiores voluptas", "completed": false, "username": "Kamren"}, {"task": "dolorum laboriosam eos qui iure aliquam", "completed": false, "username": "Kamren"}, {"task": "debitis accusantium ut quo facilis nihil quis sapiente necessitatibus", "completed": true, "username": "Kamren"}, {"task": "neque voluptates ratione", "completed": false, "username": "Kamren"}, {"task": "excepturi a et neque qui expedita vel voluptate", "completed": false, "username": "Kamren"}], "6": [{"task": "explicabo enim cumque porro aperiam occaecati minima", "completed": false, "username": "Leopoldo_Corkery"}, {"task": "sed ab consequatur", "completed": false, "username": "Leopoldo_Corkery"}, {"task": "non sunt delectus illo nulla tenetur enim omnis", "completed": false, "username": "Leopoldo_Corkery"}, {"task": "excepturi non laudantium quo", "completed": false, "username": "Leopoldo_Corkery"}, {"task": "totam quia dolorem et illum repellat voluptas optio", "completed": true, "username": "Leopoldo_Corkery"}, {"task": "ad illo quis voluptatem temporibus", "completed": true, "username": "Leopoldo_Corkery"}, {"task": "praesentium facilis omnis laudantium fugit ad iusto nihil nesciunt", "completed": false, "username": "Leopoldo_Corkery"}, {"task": "a eos eaque nihil et exercitationem incidunt delectus", "completed": true, "username": "Leopoldo_Corkery"}, {"task": "autem temporibus harum quisquam in culpa", "completed": true, "username": "Leopoldo_Corkery"}, {"task": "aut aut ea corporis", "completed": true, "username": "Leopoldo_Corkery"}, {"task": "magni accusantium labore et id quis provident", "completed": false, "username": "Leopoldo_Corkery"}, {"task": "consectetur impedit quisquam qui deserunt non rerum consequuntur eius", "completed": false, "username": "Leopoldo_Corkery"}, {"task": "quia atque aliquam sunt impedit voluptatum rerum assumenda nisi", "completed": false, "username": "Leopoldo_Corkery"}, {"task": "cupiditate quos possimus corporis quisquam exercitationem beatae", "completed": false, "username": "Leopoldo_Corkery"}, {"task": "sed et ea eum", "completed": false, "username": "Leopoldo_Corkery"}, {"task": "ipsa dolores vel facilis ut", "completed": true, "username": "Leopoldo_Corkery"}, {"task": "sequi quae est et qui qui eveniet asperiores", "completed": false, "username": "Leopoldo_Corkery"}, {"task": "quia modi consequatur vero fugiat", "completed": false, "username": "Leopoldo_Corkery"}, {"task": "corporis ducimus ea perspiciatis iste", "completed": false, "username": "Leopoldo_Corkery"}, {"task": "dolorem laboriosam vel voluptas et aliquam quasi", "completed": false, "username": "Leopoldo_Corkery"}], "7": [{"task": "inventore aut nihil minima laudantium hic qui omnis", "completed": true, "username": "Elwyn.Skiles"}, {"task": "provident aut nobis culpa", "completed": true, "username": "Elwyn.Skiles"}, {"task": "esse et quis iste est earum aut impedit", "completed": false, "username": "Elwyn.Skiles"}, {"task": "qui consectetur id", "completed": false, "username": "Elwyn.Skiles"}, {"task": "aut quasi autem iste tempore illum possimus", "completed": false, "username": "Elwyn.Skiles"}, {"task": "ut asperiores perspiciatis veniam ipsum rerum saepe", "completed": true, "username": "Elwyn.Skiles"}, {"task": "voluptatem libero consectetur rerum ut", "completed": true, "username": "Elwyn.Skiles"}, {"task": "eius omnis est qui voluptatem autem", "completed": false, "username": "Elwyn.Skiles"}, {"task": "rerum culpa quis harum", "completed": false, "username": "Elwyn.Skiles"}, {"task": "nulla aliquid eveniet harum laborum libero alias ut unde", "completed": true, "username": "Elwyn.Skiles"}, {"task": "qui ea incidunt quis", "completed": false, "username": "Elwyn.Skiles"}, {"task": "qui molestiae voluptatibus velit iure harum quisquam", "completed": true, "username": "Elwyn.Skiles"}, {"task": "et labore eos enim rerum consequatur sunt", "completed": true, "username": "Elwyn.Skiles"}, {"task": "molestiae doloribus et laborum quod ea", "completed": false, "username": "Elwyn.Skiles"}, {"task": "facere ipsa nam eum voluptates reiciendis vero qui", "completed": false, "username": "Elwyn.Skiles"}, {"task": "asperiores illo tempora fuga sed ut quasi adipisci", "completed": false, "username": "Elwyn.Skiles"}, {"task": "qui sit non", "completed": false, "username": "Elwyn.Skiles"}, {"task": "placeat minima consequatur rem qui ut", "completed": true, "username": "Elwyn.Skiles"}, {"task": "consequatur doloribus id possimus voluptas a voluptatem", "completed": false, "username": "Elwyn.Skiles"}, {"task": "aut consectetur in blanditiis deserunt quia sed laboriosam", "completed": true, "username": "Elwyn.Skiles"}], "8": [{"task": "explicabo consectetur debitis voluptates quas quae culpa rerum non", "completed": true, "username": "Maxime_Nienow"}, {"task": "maiores accusantium architecto necessitatibus reiciendis ea aut", "completed": true, "username": "Maxime_Nienow"}, {"task": "eum non recusandae cupiditate animi", "completed": false, "username": "Maxime_Nienow"}, {"task": "ut eum exercitationem sint", "completed": false, "username": "Maxime_Nienow"}, {"task": "beatae qui ullam incidunt voluptatem non nisi aliquam", "completed": false, "username": "Maxime_Nienow"}, {"task": "molestiae suscipit ratione nihil odio libero impedit vero totam", "completed": true, "username": "Maxime_Nienow"}, {"task": "eum itaque quod reprehenderit et facilis dolor autem ut", "completed": true, "username": "Maxime_Nienow"}, {"task": "esse quas et quo quasi exercitationem", "completed": false, "username": "Maxime_Nienow"}, {"task": "animi voluptas quod perferendis est", "completed": false, "username": "Maxime_Nienow"}, {"task": "eos amet tempore laudantium fugit a", "completed": false, "username": "Maxime_Nienow"}, {"task": "accusamus adipisci dicta qui quo ea explicabo sed vero", "completed": true, "username": "Maxime_Nienow"}, {"task": "odit eligendi recusandae doloremque cumque non", "completed": false, "username": "Maxime_Nienow"}, {"task": "ea aperiam consequatur qui repellat eos", "completed": false, "username": "Maxime_Nienow"}, {"task": "rerum non ex sapiente", "completed": true, "username": "Maxime_Nienow"}, {"task": "voluptatem nobis consequatur et assumenda magnam", "completed": true, "username": "Maxime_Nienow"}, {"task": "nam quia quia nulla repellat assumenda quibusdam sit nobis", "completed": true, "username": "Maxime_Nienow"}, {"task": "dolorem veniam quisquam deserunt repellendus", "completed": true, "username": "Maxime_Nienow"}, {"task": "debitis vitae delectus et harum accusamus aut deleniti a", "completed": true, "username": "Maxime_Nienow"}, {"task": "debitis adipisci quibusdam aliquam sed dolore ea praesentium nobis", "completed": true, "username": "Maxime_Nienow"}, {"task": "et praesentium aliquam est", "completed": false, "username": "Maxime_Nienow"}], "9": [{"task": "ex hic consequuntur earum omnis alias ut occaecati culpa", "completed": true, "username": "Delphine"}, {"task": "omnis laboriosam molestias animi sunt dolore", "completed": true, "username": "Delphine"}, {"task": "natus corrupti maxime laudantium et voluptatem laboriosam odit", "completed": false, "username": "Delphine"}, {"task": "reprehenderit quos aut aut consequatur est sed", "completed": false, "username": "Delphine"}, {"task": "fugiat perferendis sed aut quidem", "completed": false, "username": "Delphine"}, {"task": "quos quo possimus suscipit minima ut", "completed": false, "username": "Delphine"}, {"task": "et quis minus quo a asperiores molestiae", "completed": false, "username": "Delphine"}, {"task": "recusandae quia qui sunt libero", "completed": false, "username": "Delphine"}, {"task": "ea odio perferendis officiis", "completed": true, "username": "Delphine"}, {"task": "quisquam aliquam quia doloribus aut", "completed": false, "username": "Delphine"}, {"task": "fugiat aut voluptatibus corrupti deleniti velit iste odio", "completed": true, "username": "Delphine"}, {"task": "et provident amet rerum consectetur et voluptatum", "completed": false, "username": "Delphine"}, {"task": "harum ad aperiam quis", "completed": false, "username": "Delphine"}, {"task": "similique aut quo", "completed": false, "username": "Delphine"}, {"task": "laudantium eius officia perferendis provident perspiciatis asperiores", "completed": true, "username": "Delphine"}, {"task": "magni soluta corrupti ut maiores rem quidem", "completed": false, "username": "Delphine"}, {"task": "et placeat temporibus voluptas est tempora quos quibusdam", "completed": false, "username": "Delphine"}, {"task": "nesciunt itaque commodi tempore", "completed": true, "username": "Delphine"}, {"task": "omnis consequuntur cupiditate impedit itaque ipsam quo", "completed": true, "username": "Delphine"}, {"task": "debitis nisi et dolorem repellat et", "completed": true, "username": "Delphine"}], "10": [{"task": "ut cupiditate sequi aliquam fuga maiores", "completed": false, "username": "Moriah.Stanton"}, {"task": "inventore saepe cumque et aut illum enim", "completed": true, "username": "Moriah.Stanton"}, {"task": "omnis nulla eum aliquam distinctio", "completed": true, "username": "Moriah.Stanton"}, {"task": "molestias modi perferendis perspiciatis", "completed": false, "username": "Moriah.Stanton"}, {"task": "voluptates dignissimos sed doloribus animi quaerat aut", "completed": false, "username": "Moriah.Stanton"}, {"task": "explicabo odio est et", "completed": false, "username": "Moriah.Stanton"}, {"task": "consequuntur animi possimus", "completed": false, "username": "Moriah.Stanton"}, {"task": "vel non beatae est", "completed": true, "username": "Moriah.Stanton"}, {"task": "culpa eius et voluptatem et", "completed": true, "username": "Moriah.Stanton"}, {"task": "accusamus sint iusto et voluptatem exercitationem", "completed": true, "username": "Moriah.Stanton"}, {"task": "temporibus atque distinctio omnis eius impedit tempore molestias pariatur", "completed": true, "username": "Moriah.Stanton"}, {"task": "ut quas possimus exercitationem sint voluptates", "completed": false, "username": "Moriah.Stanton"}, {"task": "rerum debitis voluptatem qui eveniet tempora distinctio a", "completed": true, "username": "Moriah.Stanton"}, {"task": "sed ut vero sit molestiae", "completed": false, "username": "Moriah.Stanton"}, {"task": "rerum ex veniam mollitia voluptatibus pariatur", "completed": true, "username": "Moriah.Stanton"}, {"task": "consequuntur aut ut fugit similique", "completed": true, "username": "Moriah.Stanton"}, {"task": "dignissimos quo nobis earum saepe", "completed": true, "username": "Moriah.Stanton"}, {"task": "quis eius est sint explicabo", "completed": true, "username": "Moriah.Stanton"}, {"task": "numquam repellendus a magnam", "completed": true, "username": "Moriah.Stanton"}, {"task": "ipsam aperiam voluptates qui", "completed": false, "username": "Moriah.Stanton"}]}